"Date","Price","Open","High","Low","Vol.","Change %"
"Dec 31, 2017","193.45","194.13","195.73","193.31","-","-0.21%"
"Dec 24, 2017","193.86","188.36","194.05","188.30","-","3.18%"
"Dec 17, 2017","187.88","185.57","187.93","185.17","-","1.82%"
"Dec 10, 2017","184.52","185.01","186.29","182.98","-","-0.27%"
"Dec 03, 2017","185.02","190.14","190.46","183.86","-","-2.97%"
"Nov 26, 2017","190.69","191.68","192.23","188.78","-","-0.80%"
"Nov 19, 2017","192.22","189.19","192.47","188.36","-","0.96%"
"Nov 12, 2017","190.39","191.36","192.16","188.03","-","-0.66%"
"Nov 05, 2017","191.65","190.05","192.99","189.71","-","1.20%"
"Oct 29, 2017","189.38","187.04","189.44","186.80","-","1.33%"
"Oct 22, 2017","186.89","184.62","187.00","184.42","-","1.50%"
"Oct 15, 2017","184.12","185.46","185.73","183.35","-","-0.38%"
"Oct 08, 2017","184.83","181.07","185.01","180.51","-","2.14%"
"Oct 01, 2017","180.95","181.46","183.40","180.31","-","-1.17%"
"Sep 24, 2017","183.09","183.70","184.69","182.41","-","-0.26%"
"Sep 17, 2017","183.57","183.80","184.94","182.34","-","-0.26%"
"Sep 10, 2017","184.05","180.86","184.31","180.24","-","1.59%"
"Sep 03, 2017","181.17","181.50","183.29","180.87","-","0.12%"
"Aug 27, 2017","180.95","178.26","181.00","176.57","-","1.75%"
"Aug 20, 2017","177.83","177.76","178.65","176.21","-","0.19%"
"Aug 13, 2017","177.50","178.72","179.09","174.68","-","-1.17%"
"Aug 06, 2017","179.61","180.45","182.55","178.47","-","-0.59%"
"Jul 30, 2017","180.68","181.76","182.69","179.69","-","-0.79%"
"Jul 23, 2017","182.12","176.44","182.58","176.00","-","3.09%"
"Jul 16, 2017","176.66","176.50","179.74","175.83","-","0.22%"
"Jul 09, 2017","176.28","172.91","176.34","171.43","-","2.16%"
"Jul 02, 2017","172.56","175.00","176.73","171.88","-","-1.27%"
"Jun 25, 2017","174.78","168.25","174.82","167.16","-","4.20%"
"Jun 18, 2017","167.74","172.74","172.74","166.48","-","-3.07%"
"Jun 11, 2017","173.05","177.65","177.81","172.06","-","-2.10%"
"Jun 04, 2017","176.76","177.39","178.30","175.53","-","-0.67%"
"May 28, 2017","177.96","181.14","181.62","177.47","-","-2.22%"
"May 21, 2017","182.00","185.82","186.35","180.19","-","-1.66%"
"May 14, 2017","185.08","183.90","185.10","181.22","-","1.87%"
"May 07, 2017","181.69","177.70","181.74","177.00","-","2.12%"
"Apr 30, 2017","177.92","181.71","182.27","176.68","-","-2.10%"
"Apr 23, 2017","181.73","182.38","182.83","179.72","-","-0.08%"
"Apr 16, 2017","181.87","187.34","188.08","181.43","-","-3.14%"
"Apr 09, 2017","187.77","187.34","188.51","186.88","-","0.35%"
"Apr 02, 2017","187.11","186.26","187.25","184.47","-","0.66%"
"Mar 26, 2017","185.88","182.93","186.17","182.15","-","1.31%"
"Mar 19, 2017","183.47","184.19","185.32","182.85","-","-0.55%"
"Mar 12, 2017","184.48","183.01","185.05","181.55","-","1.00%"
"Mar 05, 2017","182.65","189.83","190.75","182.41","-","-3.73%"
"Feb 26, 2017","189.72","190.89","191.39","188.69","-","-0.63%"
"Feb 19, 2017","190.93","193.05","193.19","190.58","-","-0.62%"
"Feb 12, 2017","192.12","193.51","193.95","191.62","-","-0.99%"
"Feb 05, 2017","194.04","193.80","194.38","190.86","-","0.43%"
"Jan 29, 2017","193.20","192.87","194.77","191.23","-","-0.12%"
"Jan 22, 2017","193.43","193.60","195.84","192.62","-","-0.30%"
"Jan 15, 2017","194.02","195.59","196.36","192.71","-","-0.27%"
"Jan 08, 2017","194.54","191.78","195.18","190.55","-","0.52%"
"Jan 01, 2017","193.54","193.57","194.19","189.94","-","0.54%"
"Dec 25, 2016","192.51","191.20","193.61","191.06","-","1.04%"
"Dec 18, 2016","190.53","191.24","191.97","189.56","-","-0.47%"
"Dec 11, 2016","191.43","193.97","194.72","189.43","-","-0.29%"
"Dec 04, 2016","191.98","192.56","194.91","189.88","-","0.15%"
"Nov 27, 2016","191.69","186.37","192.63","183.83","-","3.21%"
"Nov 20, 2016","185.73","184.97","188.07","184.93","-","1.41%"
"Nov 13, 2016","183.14","180.26","183.64","178.94","-","1.33%"
"Nov 06, 2016","180.74","183.42","185.08","180.42","-","-0.96%"
"Oct 30, 2016","182.50","188.75","188.80","181.71","-","-3.55%"
"Oct 23, 2016","189.21","189.01","190.70","188.04","-","-0.10%"
"Oct 16, 2016","189.40","189.57","191.35","188.01","-","-0.04%"
"Oct 09, 2016","189.47","188.85","190.71","187.48","-","0.61%"
"Oct 02, 2016","188.32","186.23","189.46","184.84","-","1.07%"
"Sep 25, 2016","186.32","183.58","186.84","181.91","-","1.76%"
"Sep 18, 2016","183.10","181.75","187.30","180.95","-","1.28%"
"Sep 11, 2016","180.78","181.16","183.77","179.16","-","-0.96%"
"Sep 04, 2016","182.54","180.65","185.78","178.99","-","1.42%"
"Aug 28, 2016","179.99","184.90","185.15","178.01","-","-3.29%"
"Aug 21, 2016","186.11","186.79","188.53","185.25","-","-1.41%"
"Aug 14, 2016","188.78","183.46","189.57","182.91","-","3.34%"
"Aug 07, 2016","182.68","182.73","183.33","179.24","-","0.48%"
"Jul 31, 2016","181.80","179.70","181.95","176.67","-","0.44%"
"Jul 24, 2016","181.01","182.38","182.52","177.99","-","-1.03%"
"Jul 17, 2016","182.90","188.41","188.66","181.72","-","-3.16%"
"Jul 10, 2016","188.86","187.88","191.47","186.60","-","0.90%"
"Jul 03, 2016","187.17","192.35","192.35","185.36","-","-3.65%"
"Jun 26, 2016","194.26","188.63","194.73","187.01","-","2.95%"
"Jun 19, 2016","188.69","193.03","194.43","188.53","-","-1.92%"
"Jun 12, 2016","192.38","193.20","193.73","188.70","-","-0.26%"
"Jun 05, 2016","192.89","191.27","195.88","190.26","-","2.24%"
"May 29, 2016","188.67","186.48","189.35","184.32","-","1.36%"
"May 22, 2016","186.14","183.47","186.43","182.49","-","1.05%"
"May 15, 2016","184.21","183.63","186.30","182.01","-","0.91%"
"May 08, 2016","182.55","180.20","184.37","176.86","-","1.47%"
"May 01, 2016","179.91","184.51","184.68","178.02","-","-2.55%"
"Apr 24, 2016","184.61","179.12","185.24","178.61","-","2.76%"
"Apr 17, 2016","179.65","172.38","182.73","171.59","-","3.46%"
"Apr 10, 2016","173.64","170.53","176.24","170.31","-","1.52%"
"Apr 03, 2016","171.04","168.25","171.07","164.71","-","1.79%"
"Mar 27, 2016","168.03","171.98","173.72","167.27","-","-2.41%"
"Mar 20, 2016","172.18","175.82","177.23","170.65","-","-2.36%"
"Mar 13, 2016","176.35","172.33","178.68","170.46","-","1.63%"
"Mar 06, 2016","173.53","169.29","174.18","168.95","-","2.95%"
"Feb 28, 2016","168.55","161.77","168.64","161.51","-","4.26%"
"Feb 21, 2016","161.67","161.78","165.27","158.27","-","1.28%"
"Feb 14, 2016","159.63","161.08","164.03","158.09","-","-0.46%"
"Feb 07, 2016","160.36","161.22","162.11","154.89","-","-0.97%"
"Jan 31, 2016","161.93","164.35","166.46","159.60","-","-2.89%"
"Jan 24, 2016","166.75","162.51","167.94","160.04","-","1.80%"
"Jan 17, 2016","163.80","162.06","163.98","154.85","-","2.42%"
"Jan 10, 2016","159.93","167.23","167.90","159.49","-","-5.13%"
"Jan 03, 2016","168.58","174.08","174.97","167.26","-","-4.29%"
"Dec 27, 2015","176.14","174.39","177.65","174.20","-","0.03%"
"Dec 20, 2015","176.09","171.34","176.40","171.01","-","2.28%"
"Dec 13, 2015","172.16","172.59","175.69","170.06","-","-1.54%"
"Dec 06, 2015","174.86","182.08","182.27","174.66","-","-4.57%"
"Nov 29, 2015","183.24","183.68","184.80","180.72","-","0.00%"
"Nov 22, 2015","183.24","183.42","186.34","182.00","-","-0.27%"
"Nov 15, 2015","183.73","185.81","186.20","182.56","-","-0.56%"
"Nov 08, 2015","184.77","191.89","192.10","184.21","-","-3.28%"
"Nov 01, 2015","191.03","193.99","198.32","190.32","-","-2.34%"
"Oct 25, 2015","195.61","193.78","196.17","190.89","-","0.98%"
"Oct 18, 2015","193.71","198.26","198.32","193.23","-","-2.88%"
"Oct 11, 2015","199.45","203.46","203.62","197.44","-","-1.60%"
"Oct 04, 2015","202.69","195.01","203.71","194.81","-","4.42%"
"Sep 27, 2015","194.11","194.29","196.49","191.43","-","-0.82%"
"Sep 20, 2015","195.71","195.38","196.85","191.17","-","0.79%"
"Sep 13, 2015","194.18","196.87","199.66","193.75","-","-1.29%"
"Sep 06, 2015","196.72","196.67","198.78","194.81","-","0.01%"
"Aug 30, 2015","196.70","195.25","202.13","192.68","-","-0.20%"
"Aug 23, 2015","197.10","187.43","198.16","185.13","-","3.01%"
"Aug 16, 2015","191.34","197.10","197.68","190.42","-","-3.35%"
"Aug 09, 2015","197.97","198.95","202.45","197.38","-","-0.18%"
"Aug 02, 2015","198.32","201.17","202.00","197.84","-","-2.10%"
"Jul 26, 2015","202.57","203.69","206.58","202.30","-","-1.20%"
"Jul 19, 2015","205.04","213.26","213.51","204.77","-","-4.43%"
"Jul 12, 2015","214.54","218.01","219.90","213.63","-","-1.70%"
"Jul 05, 2015","218.25","219.24","220.21","213.11","-","-2.81%"
"Jun 28, 2015","224.55","223.12","227.47","223.08","-","-0.15%"
"Jun 21, 2015","224.88","222.34","225.56","221.10","-","1.24%"
"Jun 14, 2015","222.13","222.28","225.74","221.10","-","-0.63%"
"Jun 07, 2015","223.53","222.48","229.33","222.25","-","0.45%"
"May 31, 2015","222.53","222.36","225.88","219.33","-","-0.29%"
"May 24, 2015","223.18","224.75","224.75","218.92","-","-1.06%"
"May 17, 2015","225.56","231.84","232.23","225.46","-","-2.55%"
"May 10, 2015","231.46","228.48","232.35","227.76","-","1.00%"
"May 03, 2015","229.16","228.26","233.53","226.35","-","0.53%"
"Apr 26, 2015","227.95","223.56","229.65","223.09","-","1.74%"
"Apr 19, 2015","224.05","222.26","224.76","220.39","-","0.05%"
"Apr 12, 2015","223.94","217.56","226.39","216.69","-","3.14%"
"Apr 05, 2015","217.12","218.29","221.85","215.75","-","0.48%"
"Mar 29, 2015","216.09","213.99","216.87","211.75","-","0.43%"
"Mar 22, 2015","215.16","213.32","220.35","212.83","-","0.49%"
"Mar 15, 2015","214.11","210.39","214.70","206.81","-","1.62%"
"Mar 08, 2015","210.70","220.01","220.57","210.55","-","-4.53%"
"Mar 01, 2015","220.69","222.45","224.53","219.50","-","-1.51%"
"Feb 22, 2015","224.08","222.95","224.21","220.54","-","-0.30%"
"Feb 15, 2015","224.76","229.17","229.55","223.29","-","-1.93%"
"Feb 08, 2015","229.19","226.70","229.57","221.15","-","1.93%"
"Feb 01, 2015","224.85","220.63","229.09","218.26","-","2.75%"
"Jan 25, 2015","218.84","215.29","218.86","211.27","-","1.03%"
"Jan 18, 2015","216.61","221.41","222.74","216.28","-","-3.40%"
"Jan 11, 2015","224.24","223.58","228.50","218.24","-","-0.59%"
"Jan 04, 2015","225.57","227.66","228.02","223.86","-","-1.24%"
"Dec 28, 2014","228.41","235.71","236.21","228.16","-","-2.66%"
"Dec 21, 2014","234.65","239.23","239.53","234.29","-","-2.35%"
"Dec 14, 2014","240.29","245.22","245.22","237.07","-","-1.42%"
"Dec 07, 2014","243.75","250.58","251.22","243.34","-","-3.40%"
"Nov 30, 2014","252.33","253.08","258.90","251.33","-","-0.80%"
"Nov 23, 2014","254.37","267.55","269.21","254.07","-","-5.48%"
"Nov 16, 2014","269.11","265.98","270.21","264.92","-","0.87%"
"Nov 09, 2014","266.79","271.96","272.25","264.33","-","-1.43%"
"Nov 02, 2014","270.66","273.00","273.04","266.25","-","-0.48%"
"Oct 26, 2014","271.96","268.82","275.41","267.78","-","0.64%"
"Oct 19, 2014","270.22","271.40","274.09","269.88","-","-0.89%"
"Oct 12, 2014","272.64","274.69","276.91","269.62","-","-1.07%"
"Oct 05, 2014","275.60","278.74","280.91","274.42","-","-0.27%"
"Sep 28, 2014","276.34","280.63","283.23","275.36","-","-1.41%"
"Sep 21, 2014","280.28","278.38","280.81","276.65","-","0.31%"
"Sep 14, 2014","279.40","280.68","284.68","278.98","-","-0.89%"
"Sep 07, 2014","281.90","287.15","287.22","281.06","-","-2.12%"
"Aug 31, 2014","288.02","291.73","291.86","287.13","-","-1.62%"
"Aug 24, 2014","292.75","289.08","292.76","288.16","-","1.41%"
"Aug 17, 2014","288.67","289.00","289.42","286.78","-","-0.43%"
"Aug 10, 2014","289.93","292.93","294.06","288.51","-","-0.85%"
"Aug 03, 2014","292.43","293.51","294.44","291.93","-","-0.02%"
"Jul 27, 2014","292.48","298.19","298.73","292.36","-","-1.96%"
"Jul 20, 2014","298.34","296.58","300.38","296.56","-","0.31%"
"Jul 13, 2014","297.42","296.56","298.54","294.61","-","0.12%"
"Jul 06, 2014","297.07","305.61","305.65","296.45","-","-3.15%"
"Jun 29, 2014","306.74","309.83","310.12","306.04","-","-1.31%"
"Jun 22, 2014","310.82","313.38","313.43","310.46","-","-0.67%"
"Jun 15, 2014","312.93","310.89","312.97","308.68","-","0.95%"
"Jun 08, 2014","309.98","305.45","310.41","304.98","-","1.55%"
"Jun 01, 2014","305.25","305.94","306.07","303.04","-","-0.08%"
"May 25, 2014","305.48","307.07","307.88","305.26","-","-0.90%"
"May 18, 2014","308.26","306.92","309.12","306.35","-","0.76%"
"May 11, 2014","305.92","305.39","308.11","305.04","-","0.44%"
"May 04, 2014","304.57","307.47","308.10","304.30","-","-0.84%"
"Apr 27, 2014","307.14","311.01","311.98","306.79","-","-1.14%"
"Apr 20, 2014","310.69","310.92","312.68","310.09","-","-0.25%"
"Apr 13, 2014","311.46","309.71","311.52","309.04","-","0.67%"
"Apr 06, 2014","309.39","304.77","310.44","303.50","-","1.49%"
"Mar 30, 2014","304.84","304.29","304.89","300.50","-","-0.12%"
"Mar 23, 2014","305.21","299.85","305.56","299.25","-","1.94%"
"Mar 16, 2014","299.40","302.07","302.95","299.22","-","-1.15%"
"Mar 09, 2014","302.88","305.58","306.96","301.59","-","-1.40%"
"Mar 02, 2014","307.19","305.93","308.72","303.95","-","1.57%"
"Feb 23, 2014","302.43","302.89","304.02","300.22","-","0.28%"
"Feb 16, 2014","301.58","295.71","301.96","295.45","-","2.84%"
"Feb 09, 2014","293.24","288.97","293.50","288.55","-","1.20%"
"Feb 02, 2014","289.77","283.41","289.85","283.25","-","2.28%"
"Jan 26, 2014","283.31","282.68","285.02","279.39","-","0.27%"
"Jan 19, 2014","282.54","278.49","282.77","278.07","-","1.48%"
"Jan 12, 2014","278.41","275.05","279.22","274.92","-","1.09%"
"Jan 05, 2014","275.42","277.38","278.17","272.04","-","-0.40%"
"Dec 29, 2013","276.53","282.57","283.74","276.47","-","-2.69%"
"Dec 22, 2013","284.16","283.01","284.68","281.96","-","0.37%"
"Dec 15, 2013","283.12","279.51","283.25","279.37","-","1.23%"
"Dec 08, 2013","279.67","279.03","281.77","278.69","-","0.36%"
"Dec 01, 2013","278.66","274.43","279.25","274.21","-","1.38%"
"Nov 24, 2013","274.88","273.90","275.95","273.04","-","-0.12%"
"Nov 17, 2013","275.21","273.78","276.27","272.36","-","0.32%"
"Nov 10, 2013","274.34","274.46","275.44","272.73","-","-0.02%"
"Nov 03, 2013","274.39","274.19","274.82","272.49","-","-0.21%"
"Oct 27, 2013","274.96","281.82","282.31","274.94","-","-2.69%"
"Oct 20, 2013","282.56","286.59","286.62","280.27","-","-1.52%"
"Oct 13, 2013","286.92","286.61","288.52","285.82","-","0.11%"
"Oct 06, 2013","286.61","285.69","288.71","285.01","-","0.06%"
"Sep 29, 2013","286.45","285.80","286.94","282.99","-","-0.18%"
"Sep 22, 2013","286.98","286.87","287.71","284.56","-","-0.16%"
"Sep 15, 2013","287.44","289.55","291.82","286.25","-","-1.23%"
"Sep 08, 2013","291.02","292.77","293.67","289.34","-","-0.79%"
"Sep 01, 2013","293.34","292.21","293.68","289.63","-","0.75%"
"Aug 25, 2013","291.16","291.06","296.46","290.73","-","0.13%"
"Aug 18, 2013","290.79","292.21","294.04","288.06","-","-0.58%"
"Aug 11, 2013","292.49","285.53","292.93","285.48","-","2.49%"
"Aug 04, 2013","285.38","282.82","285.58","280.64","-","0.57%"
"Jul 28, 2013","283.77","284.65","286.22","280.84","-","-0.24%"
"Jul 21, 2013","284.46","291.37","292.00","284.23","-","-2.22%"
"Jul 14, 2013","290.92","285.80","291.88","285.39","-","1.49%"
"Jul 07, 2013","286.66","281.01","287.40","280.63","-","2.12%"
"Jun 30, 2013","280.72","276.76","282.46","276.67","-","1.85%"
"Jun 23, 2013","275.62","277.81","279.06","275.54","-","-0.88%"
"Jun 16, 2013","278.08","286.40","288.25","277.67","-","-2.83%"
"Jun 09, 2013","286.18","286.98","287.24","283.63","-","-0.52%"
"Jun 02, 2013","287.67","283.25","288.10","283.01","-","2.06%"
"May 26, 2013","281.85","286.12","286.86","281.79","-","-1.07%"
"May 19, 2013","284.89","287.31","289.04","284.10","-","-0.94%"
"May 12, 2013","287.60","288.22","289.62","285.19","-","-0.37%"
"May 05, 2013","288.68","290.23","291.45","286.85","-","-0.51%"
"Apr 28, 2013","290.17","286.34","290.83","283.11","-","1.67%"
"Apr 21, 2013","285.40","283.75","287.34","280.95","-","0.78%"
"Apr 14, 2013","283.19","283.62","283.95","280.17","-","-1.40%"
"Apr 07, 2013","287.21","289.73","291.53","286.40","-","-0.37%"
"Mar 31, 2013","288.28","295.60","295.79","287.19","-","-2.74%"
"Mar 24, 2013","296.39","295.12","298.71","294.19","-","0.58%"
"Mar 17, 2013","294.69","294.43","295.35","292.88","-","-0.59%"
"Mar 10, 2013","296.44","294.09","297.99","293.36","-","0.70%"
"Mar 03, 2013","294.38","290.43","294.40","289.20","-","1.38%"
"Feb 24, 2013","290.36","295.65","295.74","289.80","-","-1.08%"
"Feb 17, 2013","293.52","298.58","298.95","292.99","-","-1.65%"
"Feb 10, 2013","298.45","300.32","301.24","297.60","-","-0.87%"
"Feb 03, 2013","301.06","303.90","304.50","300.80","-","-1.31%"
"Jan 27, 2013","305.07","299.21","305.82","298.85","-","1.92%"
"Jan 20, 2013","299.31","301.42","302.09","299.08","-","-0.63%"
"Jan 13, 2013","301.20","297.81","301.21","296.53","-","1.53%"
"Jan 06, 2013","296.66","293.91","296.92","293.45","-","0.86%"
"Dec 30, 2012","294.13","293.56","298.45","292.93","-","-0.22%"
"Dec 23, 2012","294.78","293.38","296.57","292.76","-","0.22%"
"Dec 16, 2012","294.13","295.10","296.54","292.48","-","-0.26%"
"Dec 09, 2012","294.89","295.25","296.26","292.52","-","0.06%"
"Dec 02, 2012","294.70","299.87","301.58","294.67","-","-1.43%"
"Nov 25, 2012","298.98","297.82","299.89","294.28","-","-0.03%"
"Nov 18, 2012","299.07","295.69","299.39","295.58","-","1.88%"
"Nov 11, 2012","293.56","292.59","294.79","290.86","-","0.46%"
"Nov 04, 2012","292.22","292.10","297.39","290.02","-","-0.02%"
"Oct 28, 2012","292.29","296.35","297.87","292.27","-","-1.53%"
"Oct 21, 2012","296.84","306.83","306.95","296.01","-","-3.01%"
"Oct 14, 2012","306.05","306.10","310.06","302.46","-","-0.16%"
"Oct 07, 2012","306.55","305.70","309.98","305.39","-","-0.35%"
"Sep 30, 2012","307.62","309.40","312.17","306.15","-","-0.54%"
"Sep 23, 2012","309.30","306.53","309.65","302.45","-","0.10%"
"Sep 16, 2012","308.98","320.25","320.55","306.54","-","-3.72%"
"Sep 09, 2012","320.93","311.45","321.36","311.17","-","2.97%"
"Sep 02, 2012","311.67","310.52","312.07","307.62","-","0.67%"
"Aug 26, 2012","309.59","308.22","309.88","305.64","-","1.16%"
"Aug 19, 2012","306.04","303.77","309.17","302.69","-","0.84%"
"Aug 12, 2012","303.48","302.65","303.95","299.00","-","0.55%"
"Aug 05, 2012","301.81","300.00","306.54","299.65","-","0.37%"
"Jul 29, 2012","300.69","299.88","302.83","294.48","-","0.36%"
"Jul 22, 2012","299.60","299.55","300.64","294.53","-","-1.63%"
"Jul 15, 2012","304.57","293.71","305.04","292.69","-","3.61%"
"Jul 08, 2012","293.96","287.49","294.19","286.93","-","2.45%"
"Jul 01, 2012","286.92","282.74","294.82","281.65","-","0.96%"
"Jun 24, 2012","284.19","267.95","284.33","267.32","-","6.05%"
"Jun 17, 2012","267.97","271.34","277.75","266.78","-","-1.56%"
"Jun 10, 2012","272.23","274.17","274.71","269.04","-","-0.24%"
"Jun 03, 2012","272.88","267.10","276.54","266.99","-","1.70%"
"May 27, 2012","268.31","282.48","284.32","267.49","-","-4.84%"
"May 20, 2012","281.95","290.48","291.08","280.35","-","-2.92%"
"May 13, 2012","290.43","289.30","291.48","287.71","-","-0.47%"
"May 06, 2012","291.80","296.80","297.70","291.55","-","-1.80%"
"Apr 29, 2012","297.15","304.36","308.25","295.91","-","-2.74%"
"Apr 22, 2012","305.51","299.77","305.68","298.22","-","1.43%"
"Apr 15, 2012","301.19","301.62","303.11","298.35","-","-0.55%"
"Apr 08, 2012","302.85","304.91","305.75","300.34","-","-1.18%"
"Apr 01, 2012","306.48","307.87","312.43","304.57","-","-0.64%"
"Mar 25, 2012","308.46","314.55","316.25","305.38","-","-1.91%"
"Mar 18, 2012","314.47","317.68","319.75","311.51","-","-1.09%"
"Mar 11, 2012","317.93","315.55","318.27","314.12","-","0.10%"
"Mar 04, 2012","317.61","321.06","321.40","313.00","-","-1.11%"
"Feb 26, 2012","321.17","325.04","325.95","319.03","-","-1.45%"
"Feb 19, 2012","325.91","319.02","326.02","318.69","-","2.68%"
"Feb 12, 2012","317.39","313.63","317.78","312.52","-","1.68%"
"Feb 05, 2012","312.14","313.27","317.55","311.40","-","-0.66%"
"Jan 29, 2012","314.22","316.15","316.53","309.37","-","-0.99%"
"Jan 22, 2012","317.35","311.54","319.35","311.10","-","2.40%"
"Jan 15, 2012","309.91","310.40","312.47","308.72","-","0.72%"
"Jan 08, 2012","307.70","309.04","316.13","306.83","-","-0.58%"
"Jan 01, 2012","309.48","309.10","314.35","307.67","-","1.37%"
"Dec 25, 2011","305.30","306.08","309.37","302.93","-","-0.25%"
"Dec 18, 2011","306.08","294.77","306.62","294.70","-","3.76%"
"Dec 11, 2011","295.00","303.78","307.08","293.50","-","-3.73%"
"Dec 04, 2011","306.43","314.47","315.99","305.15","-","-2.27%"
"Nov 27, 2011","313.55","310.36","316.10","306.82","-","2.65%"
"Nov 20, 2011","305.45","310.23","311.43","304.94","-","-2.17%"
"Nov 13, 2011","312.21","319.37","322.66","310.65","-","-2.50%"
"Nov 06, 2011","320.20","321.24","323.11","317.57","-","-0.07%"
"Oct 30, 2011","320.44","321.02","321.55","312.05","-","-0.81%"
"Oct 23, 2011","323.07","312.91","324.99","312.72","-","3.85%"
"Oct 16, 2011","311.08","317.45","317.50","305.17","-","-1.92%"
"Oct 09, 2011","317.18","306.46","317.39","305.58","-","4.50%"
"Oct 02, 2011","303.52","296.77","306.95","292.39","-","1.80%"
"Sep 25, 2011","298.15","302.61","312.26","297.85","-","-1.23%"
"Sep 18, 2011","301.87","327.93","327.94","301.72","-","-8.40%"
"Sep 11, 2011","329.55","332.17","336.82","329.04","-","-1.40%"
"Sep 04, 2011","334.24","333.75","341.69","332.47","-","-1.13%"
"Aug 28, 2011","338.06","335.85","343.28","335.83","-","0.84%"
"Aug 21, 2011","335.25","330.74","336.03","328.40","-","1.75%"
"Aug 14, 2011","329.47","326.81","335.74","325.82","-","0.90%"
"Aug 07, 2011","326.53","322.14","328.68","315.40","-","-0.08%"
"Jul 31, 2011","326.80","343.86","345.50","323.93","-","-4.47%"
"Jul 24, 2011","342.08","346.81","349.36","341.05","-","-1.68%"
"Jul 17, 2011","347.93","344.81","348.82","341.36","-","0.47%"
"Jul 10, 2011","346.30","340.50","350.54","338.54","-","0.80%"
"Jul 03, 2011","343.55","338.54","346.95","338.54","-","2.03%"
"Jun 26, 2011","336.71","328.35","339.59","326.74","-","2.07%"
"Jun 19, 2011","329.89","333.55","339.07","326.88","-","-1.67%"
"Jun 12, 2011","335.48","346.94","347.96","333.88","-","-3.61%"
"Jun 05, 2011","348.04","347.01","352.06","344.32","-","-0.16%"
"May 29, 2011","348.61","349.26","350.89","344.94","-","0.68%"
"May 22, 2011","346.27","337.72","346.40","336.10","-","1.38%"
"May 15, 2011","341.56","337.62","345.30","332.92","-","0.90%"
"May 08, 2011","338.53","342.10","348.62","333.50","-","0.35%"
"May 01, 2011","337.35","367.84","370.72","337.35","-","-8.96%"
"Apr 24, 2011","370.56","368.40","370.71","363.23","-","0.85%"
"Apr 17, 2011","367.44","360.92","367.54","357.19","-","1.28%"
"Apr 10, 2011","362.78","367.58","368.97","357.36","-","-1.61%"
"Apr 03, 2011","368.70","361.38","368.71","360.46","-","2.16%"
"Mar 27, 2011","360.89","357.01","361.20","351.76","-","0.37%"
"Mar 20, 2011","359.57","354.55","360.37","351.97","-","2.40%"
"Mar 13, 2011","351.15","349.59","352.40","337.44","-","-0.21%"
"Mar 06, 2011","351.88","366.30","366.71","349.97","-","-3.03%"
"Feb 27, 2011","362.88","352.78","363.63","351.89","-","3.30%"
"Feb 20, 2011","351.29","348.62","351.81","342.88","-","2.78%"
"Feb 13, 2011","341.78","338.25","343.40","335.10","-","1.18%"
"Feb 06, 2011","337.78","339.94","342.06","335.23","-","-0.34%"
"Jan 30, 2011","338.92","336.75","345.19","335.42","-","1.04%"
"Jan 23, 2011","335.44","335.36","336.04","327.42","-","0.43%"
"Jan 16, 2011","333.99","333.91","336.29","328.27","-","0.28%"
"Jan 09, 2011","333.06","324.68","335.90","323.89","-","2.82%"
"Jan 02, 2011","323.94","334.80","335.31","322.76","-","-2.66%"
"Dec 26, 2010","332.80","328.12","333.67","325.20","-","1.04%"
"Dec 19, 2010","329.38","322.87","329.58","320.30","-","2.73%"
"Dec 12, 2010","320.62","318.14","321.04","316.59","-","1.81%"
"Dec 05, 2010","314.91","316.34","320.74","312.92","-","-0.40%"
"Nov 28, 2010","316.16","302.24","316.30","300.84","-","4.99%"
"Nov 21, 2010","301.13","298.76","302.48","293.94","-","0.75%"
"Nov 14, 2010","298.89","304.41","306.54","294.68","-","-1.55%"
"Nov 07, 2010","303.60","313.70","320.38","303.22","-","-3.18%"
"Oct 31, 2010","313.56","302.41","313.57","301.53","-","4.29%"
"Oct 24, 2010","300.67","300.11","301.98","297.20","-","1.16%"
"Oct 17, 2010","297.23","295.32","300.02","292.86","-","0.40%"
"Oct 10, 2010","296.06","296.02","301.83","294.91","-","0.32%"
"Oct 03, 2010","295.11","284.52","295.17","283.53","-","3.30%"
"Sep 26, 2010","285.69","284.50","288.93","282.07","-","0.73%"
"Sep 19, 2010","283.63","280.18","283.97","277.71","-","1.42%"
"Sep 12, 2010","279.65","275.98","280.61","275.64","-","1.64%"
"Sep 05, 2010","275.14","271.12","275.95","270.79","-","0.87%"
"Aug 29, 2010","272.77","267.09","272.86","264.11","-","2.06%"
"Aug 22, 2010","267.27","267.81","268.08","260.22","-","0.10%"
"Aug 15, 2010","267.01","268.79","270.98","266.57","-","-0.66%"
"Aug 08, 2010","268.79","274.71","276.37","267.20","-","-2.15%"
"Aug 01, 2010","274.71","274.35","280.69","273.70","-","0.13%"
"Jul 25, 2010","274.35","266.62","274.42","263.63","-","2.90%"
"Jul 18, 2010","266.62","262.22","267.28","259.85","-","1.68%"
"Jul 11, 2010","262.22","260.62","264.80","257.99","-","0.61%"
"Jul 04, 2010","260.62","254.77","261.47","253.48","-","2.41%"
"Jun 27, 2010","254.48","265.61","265.61","253.76","-","-4.19%"
"Jun 20, 2010","265.61","262.93","267.02","259.29","-","1.02%"
"Jun 13, 2010","262.93","255.92","265.08","255.92","-","2.74%"
"Jun 06, 2010","255.92","248.94","256.70","247.62","-","2.80%"
"May 30, 2010","248.94","254.80","256.71","248.65","-","-2.30%"
"May 23, 2010","254.80","251.42","258.56","247.25","-","1.34%"
"May 16, 2010","251.42","258.55","258.75","247.49","-","-2.76%"
"May 09, 2010","258.55","261.32","267.58","258.28","-","-1.06%"
"May 02, 2010","261.32","277.71","278.88","259.08","-","-5.90%"
"Apr 25, 2010","277.71","279.05","280.20","272.90","-","-0.48%"
"Apr 18, 2010","279.05","276.29","279.38","272.68","-","1.00%"
"Apr 11, 2010","276.29","276.13","280.83","274.14","-","0.06%"
"Apr 04, 2010","276.13","276.43","280.31","274.81","-","-0.11%"
"Mar 28, 2010","276.43","267.32","276.65","267.32","-","3.41%"
"Mar 21, 2010","267.32","272.62","273.13","266.64","-","-1.94%"
"Mar 14, 2010","272.62","273.31","276.56","269.84","-","-0.25%"
"Mar 07, 2010","273.31","276.93","277.69","272.13","-","-1.31%"
"Feb 28, 2010","276.93","272.72","278.04","272.72","-","0.78%"
"Feb 21, 2010","274.78","277.80","278.29","270.87","-","-1.09%"
"Feb 14, 2010","277.80","270.31","277.93","270.31","-","3.69%"
"Feb 07, 2010","267.92","258.55","269.79","258.55","-","3.62%"
"Jan 31, 2010","258.55","265.59","273.48","256.89","-","-2.65%"
"Jan 24, 2010","265.59","275.56","277.09","265.42","-","-3.62%"
"Jan 17, 2010","275.56","281.84","283.77","275.08","-","-2.08%"
"Jan 10, 2010","281.41","290.77","293.03","281.12","-","-3.22%"
"Jan 03, 2010","290.77","289.34","293.78","288.90","-","2.61%"